{"frameRate":24,"isGlobal":0,"name":"covernamelist","version":"5.0","armature":[{"defaultActions":[{"gotoAndPlay":"newAnimation"}],"type":"Armature","frameRate":24,"skin":[{"name":"","slot":[{"display":[{"edges":[1,2,2,3,3,4,4,5,5,6,6,7,7,8,0,9,9,1,8,0],"width":238,"uvs":[0.08403,0.95522,0,0.6194,0.43697,0.51493,0.67647,0.11194,0.88025,0,0.9958,0.29851,0.86134,0.47015,0.61345,0.90299,0.36345,1,0.07626,1.0041],"type":"mesh","vertices":[-99,61,-119,16,-15,2,42,-52,90.5,-67,119,-29.5,86,-4,27,54,-32.5,67,-99.9,58.95],"transform":{"y":-1},"triangles":[4,6,5,3,6,4,3,2,6,2,7,6,2,8,7,0,8,2,1,0,2,1,9,0],"path":"图层1","height":134,"name":"图层1","userEdges":[]}],"name":"图层1"}]}],"aabb":{"width":238,"y":-68,"height":134,"x":-119},"slot":[{"name":"图层1","parent":"root","color":{}}],"animation":[{"frame":[],"ffd":[{"frame":[{"duration":6,"tweenEasing":0,"offset":0,"vertices":[]},{"duration":6,"tweenEasing":0,"offset":0,"vertices":[5,-14,-2,-22,-1,-6,0,0,0,0,0,0,0,0,0,0,-4,-8,-4,-15]},{"duration":0,"tweenEasing":null,"offset":0,"vertices":[]}],"offset":0,"scale":1,"skin":"","slot":"图层1","name":"图层1"}],"playTimes":0,"duration":12,"slot":[],"name":"newAnimation","bone":[{"frame":[{"duration":12,"tweenEasing":null,"transform":{}}],"name":"root"}]}],"name":"armatureName","ik":[],"bone":[{"name":"root","transform":{}}]}]}