{"imagePath":"editor_tex.png","width":512,"SubTexture":[{"width":61,"y":108,"height":68,"name":"图层7","x":378},{"width":84,"y":1,"height":105,"name":"图层8","x":378},{"width":375,"y":1,"height":588,"name":"图层3","x":1},{"width":14,"y":144,"height":13,"name":"图层11","x":471},{"width":26,"y":122,"height":20,"name":"图层10","x":471},{"width":47,"y":1,"height":119,"name":"图层5","x":464},{"width":136,"y":591,"height":72,"name":"图层6","x":1},{"width":28,"y":122,"height":25,"name":"图层9","x":441}],"height":1024,"name":"editor"}