{"frameRate":24,"isGlobal":0,"name":"editor","version":"5.0","armature":[{"ik":[],"slot":[{"name":"图层7","parent":"图层3","color":{}},{"z":1,"name":"图层8","parent":"图层8","color":{}},{"z":2,"name":"图层3","parent":"root","color":{}},{"z":3,"name":"图层11","parent":"root","color":{}},{"z":4,"name":"图层10","parent":"root","color":{}},{"z":5,"name":"图层5","parent":"图层5","color":{}},{"z":6,"name":"图层6","parent":"图层6","color":{}},{"z":7,"name":"图层9","parent":"图层9","color":{}}],"type":"Armature","frameRate":24,"animation":[{"frame":[],"playTimes":0,"bone":[{"frame":[{"transform":{},"duration":142,"tweenEasing":null}],"name":"root"},{"frame":[{"transform":{},"duration":12,"tweenEasing":0},{"transform":{"skX":1.1024,"skY":1.1024},"duration":20,"tweenEasing":0},{"transform":{},"duration":110,"tweenEasing":null}],"name":"图层5"},{"frame":[{"transform":{},"duration":142,"tweenEasing":null}],"name":"图层6"},{"frame":[{"transform":{},"duration":12,"tweenEasing":0},{"transform":{"skX":-22.47,"y":-17.2439,"skY":-22.47,"x":-10.1951},"duration":5,"tweenEasing":0},{"transform":{"skX":-22.47,"y":-17.2439,"skY":-22.47,"x":-10.1951},"duration":15,"tweenEasing":0},{"transform":{},"duration":110,"tweenEasing":null}],"name":"图层3"},{"frame":[{"transform":{},"duration":12,"tweenEasing":0},{"transform":{"skX":-46.1235,"y":-0.1432,"skY":-46.1235,"x":-7.3607},"duration":5,"tweenEasing":0},{"transform":{"skX":-46.1235,"y":-0.1432,"skY":-46.1235,"x":-7.3607},"duration":2,"tweenEasing":0},{"transform":{"skX":-47.0853,"y":-0.1432,"skY":-47.0853,"x":-7.3607},"duration":13,"tweenEasing":0},{"transform":{},"duration":110,"tweenEasing":null}],"name":"图层8"},{"frame":[{"transform":{},"duration":12,"tweenEasing":0},{"transform":{"skX":67.1342,"y":-4.8736,"skY":67.1342,"x":13.6874},"duration":5,"tweenEasing":0},{"transform":{"skX":67.1342,"y":-4.8736,"skY":67.1342,"x":13.6874},"duration":2,"tweenEasing":0},{"transform":{"skX":70.5725,"y":-4.2644,"skY":70.5725,"x":11.9765},"duration":13,"tweenEasing":0},{"transform":{},"duration":110,"tweenEasing":null}],"name":"图层9"}],"slot":[],"ffd":[{"frame":[{"offset":0,"vertices":[],"duration":2,"tweenEasing":0},{"offset":2,"vertices":[-6.15,7.55,3.5,-2.15,0,0],"duration":2,"tweenEasing":0},{"offset":2,"vertices":[-6.15,7.55,3.5,-2.15,0,0],"duration":2,"tweenEasing":0},{"offset":0,"vertices":[],"duration":50,"tweenEasing":0},{"offset":0,"vertices":[],"duration":2,"tweenEasing":0},{"offset":2,"vertices":[-6.15,7.55,3.5,-2.15,0,0],"duration":2,"tweenEasing":0},{"offset":2,"vertices":[-6.15,7.55,3.5,-2.15,0,0],"duration":2,"tweenEasing":0},{"offset":0,"vertices":[],"duration":44,"tweenEasing":0},{"offset":0,"vertices":[],"duration":2,"tweenEasing":0},{"offset":2,"vertices":[-6.15,7.55,3.5,-2.15,0,0],"duration":2,"tweenEasing":0},{"offset":2,"vertices":[-6.15,7.55,3.5,-2.15,0,0],"duration":2,"tweenEasing":0},{"offset":0,"vertices":[],"duration":30,"tweenEasing":null}],"skin":"","scale":1,"offset":0,"slot":"图层11","name":"图层11"},{"frame":[{"offset":0,"vertices":[],"duration":2,"tweenEasing":0},{"offset":2,"vertices":[-6.15,11.7,7,-2.55,0,0],"duration":2,"tweenEasing":0},{"offset":2,"vertices":[-6.15,11.7,7,-2.55,0,0],"duration":2,"tweenEasing":0},{"offset":0,"vertices":[],"duration":50,"tweenEasing":0},{"offset":0,"vertices":[],"duration":2,"tweenEasing":0},{"offset":2,"vertices":[-6.15,11.7,7,-2.55,0,0],"duration":2,"tweenEasing":0},{"offset":2,"vertices":[-6.15,11.7,7,-2.55,0,0],"duration":2,"tweenEasing":0},{"offset":0,"vertices":[],"duration":44,"tweenEasing":0},{"offset":0,"vertices":[],"duration":2,"tweenEasing":0},{"offset":2,"vertices":[-6.15,11.7,7,-2.55,0,0],"duration":2,"tweenEasing":0},{"offset":2,"vertices":[-6.15,11.7,7,-2.55,0,0],"duration":2,"tweenEasing":0},{"offset":0,"vertices":[],"duration":30,"tweenEasing":null}],"skin":"","scale":1,"offset":0,"slot":"图层10","name":"图层10"},{"frame":[{"offset":0,"vertices":[],"duration":18,"tweenEasing":0},{"offset":1,"vertices":[3.3,0,3.3,0.55,0.55,0.55,0.55,0,-1.1,0,-1.1,2.15,-0.55,2.15,-0.55,0,1.1,0,1.1,0,0,-1.65,0.55,-1.65,0.55,0,0,0,0,0,0,2.65,-1.75,5.35,-4.9,7.1,-9.7,4.55,-8.6,3.5,-6.1,6.9,-3.35,0,0,0,0,0,0,-0.65,2,0,-5.1,0,0,0,0,0,0,0,0,-1.65,-1.1,-1.65,-1.1,0,0],"duration":18,"tweenEasing":0},{"offset":0,"vertices":[],"duration":20,"tweenEasing":0},{"offset":0,"vertices":[],"duration":18,"tweenEasing":0},{"offset":1,"vertices":[3.3,0,3.3,0.55,0.55,0.55,0.55,0,-1.1,0,-1.1,2.15,-0.55,2.15,-0.55,0,1.1,0,1.1,0,0,-1.65,0.55,-1.65,0.55,0,0,0,0,0,0,2.65,-1.75,5.35,-4.9,7.1,-9.7,4.55,-8.6,3.5,-6.1,6.9,-3.35,0,0,0,0,0,0,-0.65,2,0,-5.1,0,0,0,0,0,0,0,0,-1.65,-1.1,-1.65,-1.1,0,0],"duration":18,"tweenEasing":0},{"offset":0,"vertices":[],"duration":14,"tweenEasing":0},{"offset":0,"vertices":[],"duration":18,"tweenEasing":0},{"offset":1,"vertices":[3.3,0,3.3,0.55,0.55,0.55,0.55,0,-1.1,0,-1.1,2.15,-0.55,2.15,-0.55,0,1.1,0,1.1,0,0,-1.65,0.55,-1.65,0.55,0,0,0,0,0,0,2.65,-1.75,5.35,-4.9,7.1,-9.7,4.55,-8.6,3.5,-6.1,6.9,-3.35,0,0,0,0,0,0,-0.65,2,0,-5.1,0,0,0,0,0,0,0,0,-1.65,-1.1,-1.65,-1.1,0,0],"duration":18,"tweenEasing":0},{"offset":0,"vertices":[],"duration":0,"tweenEasing":null}],"skin":"","scale":1,"offset":0,"slot":"图层3","name":"图层3"}],"name":"newAnimation","duration":142}],"bone":[{"name":"root","transform":{}},{"length":60,"transform":{"skX":48.6593,"y":-104.95,"skY":48.6593,"x":-74.45},"parent":"root","name":"图层3"},{"length":70,"transform":{"skX":92.4667,"y":-114.7,"skY":92.4667,"x":-170.9},"parent":"root","name":"图层5"},{"length":79,"transform":{"skX":-116.0547,"y":-1.9827,"skY":-116.0547,"x":87.8461},"parent":"图层5","name":"图层6"},{"length":67,"transform":{"skX":-95.4818,"y":-13.2433,"skY":-95.4818,"x":79.1131},"parent":"图层3","name":"图层8"},{"length":8,"transform":{"skX":-99.4874,"y":-29.3758,"skY":-99.4874,"x":79.5341},"parent":"图层8","name":"图层9"}],"defaultActions":[{"gotoAndPlay":"newAnimation"}],"skin":[{"name":"","slot":[{"display":[{"edges":[0,1,1,3,3,2,2,0],"width":14,"uvs":[0,0,1,0,0,1,1,1],"type":"mesh","vertices":[-7,-6.5,7,-6.5,-7,6.5,7,6.5],"transform":{"y":-204.5,"x":-80},"userEdges":[],"path":"图层11","height":13,"name":"图层11","triangles":[1,0,3,0,2,3]}],"name":"图层11"},{"display":[{"edges":[0,1,1,3,3,2,2,0],"width":26,"uvs":[0,0,1,0,0,1,1,1],"type":"mesh","vertices":[-13,-10,13,-10,-13,10,13,10],"transform":{"y":-216,"x":-104},"userEdges":[],"path":"图层10","height":20,"name":"图层10","triangles":[1,0,3,0,2,3]}],"name":"图层10"},{"display":[{"path":"图层5","type":"image","name":"图层5","transform":{"skX":-92.4667,"y":-2.4741,"skY":-92.4667,"x":48.1381}}],"name":"图层5"},{"display":[{"path":"图层7","type":"image","name":"图层7","transform":{"skX":-48.6593,"y":-1.653,"skY":-48.6593,"x":48.0049}}],"name":"图层7"},{"display":[{"path":"图层6","type":"image","name":"图层6","transform":{"skX":23.588,"y":8.2884,"skY":23.588,"x":59.3415}}],"name":"图层6"},{"display":[{"path":"图层8","type":"image","name":"图层8","transform":{"skX":46.8226,"y":-6.4019,"skY":46.8226,"x":42.2625}}],"name":"图层8"},{"display":[{"path":"图层9","type":"image","name":"图层9","transform":{"skX":146.3099,"y":0.2219,"skY":146.3099,"x":3.453}}],"name":"图层9"},{"display":[{"edges":[0,1,1,2,2,3,3,4,4,5,5,6,6,7,7,8,8,9,9,10,10,11,11,12,12,13,13,14,14,15,15,16,16,17,17,18,18,19,19,20,20,21,21,22,22,23,23,24,24,25,25,26,26,27,27,28,28,29,29,30,30,31,31,32,32,33,33,0],"width":375,"uvs":[0.0028,0.32126,0.0028,0.25833,0.08907,0.22993,0.12067,0.18929,0.03147,0.11811,0.0604,0.02466,0.1136,0,0.25467,0.00034,0.29293,0.03682,0.36613,0.08563,0.3628,0.15485,0.3088,0.22177,0.35667,0.26437,0.42013,0.37406,0.3628,0.45544,0.62067,0.43503,0.7548,0.57721,0.88827,0.74175,1,0.76233,1,0.80485,0.89147,0.85153,0.79613,0.85553,0.68773,0.70723,0.67507,0.9267,0.7736,0.97543,0.7696,1,0.49267,1,0.4936,0.89617,0.53467,0.84949,0.5028,0.65842,0.26107,0.68895,0.12067,0.63614,0.10173,0.50408,0.1304,0.42287],"type":"mesh","vertices":[-186.45,-105.1,-186.45,-142.1,-154.1,-158.8,-142.25,-182.7,-175.7,-224.55,-164.85,-279.5,-144.9,-294,-92,-293.8,-77.65,-272.35,-50.2,-243.65,-51.45,-202.95,-71.7,-163.6,-53.75,-138.55,-29.95,-74.05,-51.45,-26.2,45.25,-38.2,95.55,45.4,145.6,142.15,187.5,154.25,187.5,179.25,146.8,206.7,111.05,209.05,70.4,121.85,65.65,250.9,102.6,279.55,101.1,294,-2.75,294,-2.4,232.95,13,205.5,1.05,93.15,-89.6,111.1,-142.25,80.05,-149.35,2.4,-138.6,-45.35],"transform":{"y":-2,"x":-4.5},"userEdges":[],"path":"图层3","height":588,"name":"图层3","triangles":[17,20,19,17,19,18,22,21,17,16,22,17,17,21,20,29,22,16,23,25,24,23,26,25,15,29,16,14,29,15,29,28,22,28,27,23,27,26,23,14,30,29,31,30,14,32,31,14,33,14,13,12,33,13,11,2,12,2,33,12,8,3,10,33,32,14,8,10,9,3,11,10,2,0,33,6,5,8,5,4,8,4,3,8,3,2,11,7,6,8,1,0,2,28,22,23]}],"name":"图层3"}]}],"name":"armatureName","aabb":{"width":377,"y":-296,"height":588,"x":-194}}]}