{"frameRate":24,"isGlobal":0,"name":"设置_2","version":"5.0","armature":[{"slot":[{"name":"图层3(2)","parent":"root","color":{}},{"z":1,"name":"图层2_副本(2)_副本","parent":"root","color":{}},{"z":2,"name":"图层6","parent":"图层6","color":{}},{"z":3,"name":"图层4(2)(2)","parent":"图层4(2)(2)","color":{}},{"z":4,"name":"图层1","parent":"root","color":{}},{"z":5,"name":"图层2_副本","parent":"root","color":{}}],"type":"Armature","frameRate":24,"skin":[{"slot":[{"display":[{"path":"图层4(2)(2)","type":"image","name":"图层4(2)(2)","transform":{"skX":-81.493,"skY":-81.493,"y":30.2747,"x":41.7444}}],"name":"图层4(2)(2)"},{"display":[{"path":"图层1","type":"image","name":"图层1","transform":{"y":-137,"x":-48.5}}],"name":"图层1"},{"display":[{"width":190,"edges":[0,1,1,3,3,2,2,0],"type":"mesh","vertices":[-95,-65.5,95,-65.5,-95,65.5,95,65.5],"transform":{"y":-131.5,"x":-30},"height":131,"triangles":[1,0,3,0,2,3],"path":"图层2_副本","uvs":[0,0,1,0,0,1,1,1],"name":"图层2_副本","userEdges":[]}],"name":"图层2_副本"},{"display":[{"path":"图层3(2)","type":"image","name":"图层3(2)","transform":{"y":-131,"x":-42.5}}],"name":"图层3(2)"},{"display":[{"width":187,"edges":[0,1,1,2,2,3,3,4,4,0],"type":"mesh","vertices":[-88.75,36.1,-87.55,51.5,0.6,-8.65,86.1,-54.25,73.15,-62.9],"transform":{"y":-122.5,"x":-26.5},"height":133,"triangles":[4,2,3,0,2,4,0,1,2],"path":"图层2_副本(2)_副本","uvs":[0.0254,0.77143,0.03182,0.88722,0.68877,0.94662,0.96043,0.09211,0.89118,0.02707],"name":"图层2_副本(2)_副本","userEdges":[]}],"name":"图层2_副本(2)_副本"},{"display":[{"path":"图层6","type":"image","name":"图层6","transform":{"skX":-62.1994,"skY":-62.1994,"y":-6.7003,"x":84.649}}],"name":"图层6"}],"name":""}],"aabb":{"width":245.99196496566879,"y":-324.8063029048534,"height":268.8063029048534,"x":-178.99196496566879},"ik":[],"animation":[{"ffd":[{"frame":[{"duration":10,"tweenEasing":0,"offset":0,"vertices":[]},{"duration":25,"tweenEasing":null,"offset":0,"vertices":[101.85,63.45,0,0,0,0,-69.4,-69.85]}],"scale":1,"skin":"","slot":"图层2_副本","offset":0,"name":"图层2_副本"},{"frame":[{"duration":11,"tweenEasing":0,"offset":0,"vertices":[]},{"duration":9,"tweenEasing":0,"offset":0,"vertices":[]},{"duration":15,"tweenEasing":null,"offset":4,"vertices":[45.55,67.95,0,0,0,0]}],"scale":1,"skin":"","slot":"图层2_副本(2)_副本","offset":0,"name":"图层2_副本(2)_副本"}],"frame":[],"playTimes":0,"slot":[{"frame":[{"duration":35,"tweenEasing":null}],"name":"图层3(2)"},{"frame":[{"duration":35,"tweenEasing":null}],"name":"图层6"},{"frame":[{"duration":22,"tweenEasing":0},{"duration":13,"tweenEasing":null}],"name":"图层4(2)(2)"},{"frame":[{"duration":35,"tweenEasing":null}],"name":"图层1"},{"frame":[{"duration":10,"tweenEasing":0},{"duration":1,"tweenEasing":0},{"duration":24,"tweenEasing":null,"color":{"aM":0}}],"name":"图层2_副本"},{"frame":[{"duration":35,"tweenEasing":null}],"name":"图层2_副本(2)_副本"}],"duration":35,"name":"openmenu","bone":[{"frame":[{"duration":35,"tweenEasing":null,"transform":{}}],"name":"root"},{"frame":[{"duration":22,"tweenEasing":null,"transform":{}},{"duration":8,"tweenEasing":0,"transform":{}},{"duration":5,"tweenEasing":0,"transform":{"y":177.5817,"x":83.0033}},{"duration":0,"tweenEasing":null,"transform":{"skX":44.33,"skY":44.33,"y":342.6808,"x":93.7989}}],"name":"图层4(2)(2)"},{"frame":[{"duration":22,"tweenEasing":null,"transform":{}},{"duration":8,"tweenEasing":0,"transform":{}},{"duration":3,"tweenEasing":0,"transform":{"y":156.351,"x":91.2047}},{"duration":2,"tweenEasing":0,"transform":{"skX":7.6539,"skY":7.6539,"y":156.351,"x":91.2047}},{"duration":0,"tweenEasing":null,"transform":{"skX":23.4852,"skY":23.4852,"y":177.7562,"x":98.557}}],"name":"图层6"}]},{"ffd":[{"frame":[{"duration":25,"tweenEasing":0,"offset":0,"vertices":[106.95,60.95,-14.5,19.9,16.4,-12.45,-85.95,-68.35]},{"duration":10,"tweenEasing":0,"offset":0,"vertices":[106.95,60.95,-14.5,19.9,16.4,-12.45,-85.95,-68.35]},{"duration":0,"tweenEasing":null,"offset":0,"vertices":[]}],"scale":1,"skin":"","slot":"图层2_副本","offset":0,"name":"图层2_副本"},{"frame":[{"duration":20,"tweenEasing":0,"offset":4,"vertices":[45.55,67.95,0,0,0,0]},{"duration":4,"tweenEasing":0,"offset":4,"vertices":[45.55,67.95,0,0,0,0]},{"duration":11,"tweenEasing":null,"offset":0,"vertices":[]}],"scale":1,"skin":"","slot":"图层2_副本(2)_副本","offset":0,"name":"图层2_副本(2)_副本"}],"frame":[],"playTimes":0,"slot":[{"frame":[{"duration":35,"tweenEasing":null},{"duration":0,"tweenEasing":null}],"name":"图层3(2)"},{"frame":[{"duration":35,"tweenEasing":null},{"duration":0,"tweenEasing":null}],"name":"图层6"},{"frame":[{"duration":18,"tweenEasing":null},{"duration":17,"tweenEasing":0},{"duration":0,"tweenEasing":null}],"name":"图层4(2)(2)"},{"frame":[{"duration":35,"tweenEasing":null},{"duration":0,"tweenEasing":null}],"name":"图层1"},{"frame":[{"duration":24,"tweenEasing":0,"color":{"aM":0}},{"duration":1,"tweenEasing":0,"color":{"aM":0}},{"duration":10,"tweenEasing":0},{"duration":0,"tweenEasing":null}],"name":"图层2_副本"},{"frame":[{"duration":24,"tweenEasing":0},{"duration":1,"tweenEasing":0},{"duration":10,"tweenEasing":null,"color":{"aM":0}}],"name":"图层2_副本(2)_副本"}],"duration":35,"name":"closemenu","bone":[{"frame":[{"duration":35,"tweenEasing":null,"transform":{}}],"name":"root"},{"frame":[{"duration":5,"tweenEasing":0,"transform":{"skX":44.33,"skY":44.33,"y":342.6808,"x":93.7989}},{"duration":13,"tweenEasing":0,"transform":{"y":177.5817,"x":83.0033}},{"duration":17,"tweenEasing":null,"transform":{}}],"name":"图层4(2)(2)"},{"frame":[{"duration":2,"tweenEasing":0,"transform":{"skX":23.4852,"skY":23.4852,"y":177.7562,"x":98.557}},{"duration":3,"tweenEasing":0,"transform":{"skX":7.6539,"skY":7.6539,"y":156.351,"x":91.2047}},{"duration":13,"tweenEasing":0,"transform":{"y":156.351,"x":91.2047}},{"duration":17,"tweenEasing":null,"transform":{}}],"name":"图层6"}]}],"defaultActions":[{"gotoAndPlay":"openmenu"}],"name":"armatureName","bone":[{"name":"root","transform":{}},{"length":1,"transform":{"skX":45,"skY":45,"y":-232.75,"x":-91.85},"parent":"root","name":"图层4(2)(2)"},{"length":13,"transform":{"skX":28.7151,"skY":28.7151,"y":-252.6,"x":-165.95},"parent":"root","name":"图层6"}]}]}