{"frameRate":24,"isGlobal":0,"name":"coverphoto","version":"5.0","armature":[{"defaultActions":[{"gotoAndPlay":"newAnimation"}],"type":"Armature","frameRate":24,"skin":[{"name":"","slot":[{"display":[{"path":"图层1","type":"image","name":"图层1","transform":{"y":2,"x":-9}}],"name":"图层1"},{"display":[{"path":"star","type":"image","name":"star","transform":{"y":6.5921,"scX":0.7127,"scY":0.7127,"x":0.4219}}],"name":"star"},{"display":[{"edges":[0,1,1,3,3,2,2,0],"width":222,"uvs":[0,0,1,0,0,1,1,1],"type":"mesh","vertices":[-111,-21.5,111,-21.5,-111,21.5,111,21.5],"transform":{"y":4.5,"x":-1},"triangles":[1,0,3,0,2,3],"path":"图层2","height":43,"name":"图层2","userEdges":[]}],"name":"图层2"}]}],"aabb":{"width":274,"y":-88.15789473684211,"height":167.1578947368421,"x":-146},"slot":[{"name":"图层1","parent":"root","color":{}},{"z":1,"name":"图层2","parent":"图层2","color":{}},{"z":2,"name":"star","parent":"star","color":{}}],"animation":[{"frame":[],"ffd":[{"frame":[{"duration":12,"tweenEasing":0,"offset":0,"vertices":[86.2,11.8,-71.55,5.7,4.05,5.5,-7.4,4.9]},{"duration":12,"tweenEasing":0,"offset":0,"vertices":[]},{"duration":0,"tweenEasing":null,"offset":0,"vertices":[61.6,-13,-27,-8.2,86.55,-6.5,-110.15,-18]}],"offset":0,"scale":1,"skin":"","slot":"图层2","name":"图层2"}],"playTimes":0,"duration":24,"slot":[{"frame":[{"duration":12,"tweenEasing":0,"color":{"aM":0}},{"duration":12,"tweenEasing":0},{"duration":0,"tweenEasing":null,"color":{"aM":0}}],"name":"图层2"},{"frame":[{"duration":12,"tweenEasing":0,"color":{"aM":0}},{"duration":12,"tweenEasing":0},{"duration":0,"tweenEasing":null,"color":{"aM":0}}],"name":"star"}],"name":"newAnimation","bone":[{"frame":[{"duration":24,"tweenEasing":null,"transform":{}}],"name":"root"},{"frame":[{"duration":12,"tweenEasing":0,"transform":{"y":-34.3374,"x":17.2546}},{"duration":12,"tweenEasing":0,"transform":{}},{"duration":0,"tweenEasing":null,"transform":{"y":57.644,"x":-36.6552}}],"name":"图层2"},{"frame":[{"duration":6,"tweenEasing":0,"transform":{}},{"duration":6,"tweenEasing":0,"transform":{"skX":58.7004,"skY":58.7004}},{"duration":6,"tweenEasing":0,"transform":{"skX":-154.5428,"skY":-154.5428}},{"duration":6,"tweenEasing":0,"transform":{"skX":-68.4279,"skY":-68.4279}},{"duration":0,"tweenEasing":null,"transform":{}}],"name":"star"}]}],"name":"armatureName","ik":[],"bone":[{"name":"root","transform":{}},{"transform":{"y":-18,"x":-2},"name":"图层2","parent":"root"},{"transform":{"y":-44.75,"x":33.35},"name":"star","parent":"root"}]}]}