{"frameRate":24,"isGlobal":0,"name":"Item","version":"5.0","armature":[{"defaultActions":[{"gotoAndPlay":"newmessage"}],"type":"Armature","frameRate":24,"skin":[{"name":"","slot":[{"display":[{"edges":[0,1,1,2,2,3,3,4,4,5,5,6,6,7,7,8,8,0],"width":90,"uvs":[0.08889,0.84894,0.47778,0.61915,0.61111,0.39362,0.38889,0.12979,0.08333,0,0,0.19574,0.07778,0.48298,0.16667,0.60213,0.16667,0.68723],"type":"mesh","vertices":[-37,82,-2,28,10,-25,-10,-87,-37.5,-117.5,-45,-71.5,-38,-4,-30,24,-30,44],"transform":{"skX":-86.3218,"y":-11.1641,"skY":-86.3218,"x":35.9904},"triangles":[8,0,1,6,7,1,3,5,2,5,6,2,6,1,2,7,8,1,4,5,3],"path":"图层18","height":235,"name":"图层18","userEdges":[]}],"name":"图层18"},{"display":[{"path":"图层16","type":"image","name":"图层16","transform":{"y":25.8367,"x":8.0692}}],"name":"图层16"}]}],"aabb":{"width":313,"y":-270.6633001631088,"height":426,"x":-148.43081110856755},"slot":[{"name":"图层16","parent":"root","color":{}},{"z":1,"name":"图层18","parent":"图层18","color":{}}],"animation":[{"frame":[],"ffd":[{"frame":[{"duration":3,"tweenEasing":0,"offset":0,"vertices":[]},{"duration":3,"tweenEasing":0,"offset":6,"vertices":[20.1,2.8,25.2,-5.7,16.35,-5.9,0,0,0,0,0,0]},{"duration":4,"tweenEasing":0,"offset":4,"vertices":[8.2,-0.45,27.4,3.8,42.5,-9.5,25.3,-3.25,6.25,-11.25,0,0,0,0]},{"duration":4,"tweenEasing":0,"offset":4,"vertices":[8.2,-0.45,33.95,9.05,58.85,-9.05,25.3,-3.25,6.25,-11.25,0,0,0,0]},{"duration":4,"tweenEasing":0,"offset":2,"vertices":[-5.9,-7,14.55,4.35,51.85,21.05,84.95,11.5,43.95,-2.95,6.25,-11.25,0,0,0,0]},{"duration":22,"tweenEasing":0,"offset":2,"vertices":[-1.55,1.65,14.55,4.35,57.3,27.95,95.6,16.6,50.6,0.6,8.5,-24.85,0,0,0,0]},{"duration":0,"tweenEasing":null,"offset":0,"vertices":[]}],"offset":0,"scale":1,"skin":"","slot":"图层18","name":"图层18"}],"playTimes":0,"duration":40,"slot":[],"name":"newmessage","bone":[{"frame":[{"duration":40,"tweenEasing":null,"transform":{}}],"name":"root"},{"frame":[{"duration":3,"tweenEasing":0,"transform":{}},{"duration":3,"tweenEasing":0,"transform":{"y":-28.7276,"x":83.252}},{"duration":4,"tweenEasing":0,"transform":{"y":23.1408,"x":148.9194}},{"duration":4,"tweenEasing":0,"transform":{"y":97.2647,"x":117.6579}},{"duration":4,"tweenEasing":0,"transform":{"y":141.2261,"x":31.2004}},{"duration":4,"tweenEasing":0,"transform":{"y":175.4184,"x":56.8446}},{"duration":6,"tweenEasing":0,"transform":{"y":130.2358,"x":167.6641}},{"duration":6,"tweenEasing":0,"transform":{"y":-39.5042,"x":97.6921}},{"duration":6,"tweenEasing":0,"transform":{"y":-59.0427,"x":43.7172}},{"duration":0,"tweenEasing":null,"transform":{}}],"name":"图层18"}]}],"name":"armatureName","ik":[],"bone":[{"name":"root","transform":{}},{"length":35,"transform":{"skX":86.3218,"y":-188.3633,"skY":86.3218,"x":-62.8808},"parent":"root","name":"图层18"}]}]}