{"frameRate":24,"isGlobal":0,"name":"candle","version":"5.0","armature":[{"defaultActions":[{"gotoAndPlay":"newAnimation"}],"type":"Armature","frameRate":24,"skin":[{"name":"","slot":[{"display":[{"path":"图层3","type":"image","name":"图层3","transform":{"y":2.5,"x":-8.5}}],"name":"图层3"},{"display":[{"edges":[0,1,1,3,3,2,2,0],"width":6,"uvs":[0,0,1,0,0,1,1,1],"type":"mesh","vertices":[-3,-4,3,-4,-3,4,3,4],"transform":{"y":-137,"x":-9},"triangles":[1,0,3,0,2,3],"path":"图层6","height":8,"name":"图层6","userEdges":[]}],"name":"图层6"},{"display":[{"edges":[0,1,1,3,3,2,2,0],"width":7,"uvs":[0,0,1,0,0,1,1,1],"type":"mesh","vertices":[-3.5,-6.5,3.5,-6.5,-3.5,6.5,3.5,6.5],"transform":{"y":-181.5,"x":44.5},"triangles":[1,0,3,0,2,3],"path":"图层7","height":13,"name":"图层7","userEdges":[]}],"name":"图层7"},{"display":[{"edges":[0,1,1,3,3,2,2,0],"width":7,"uvs":[0,0,1,0,0,1,1,1],"type":"mesh","vertices":[-3.5,-6,3.5,-6,-3.5,6,3.5,6],"transform":{"y":-94,"x":-73.5},"triangles":[1,0,3,0,2,3],"path":"图层5","height":12,"name":"图层5","userEdges":[]}],"name":"图层5"}]}],"aabb":{"width":155,"y":-188,"height":373,"x":-86},"slot":[{"name":"图层3","parent":"root","color":{}},{"z":1,"name":"图层5","parent":"root","color":{}},{"z":2,"name":"图层7","parent":"root","color":{}},{"z":3,"name":"图层6","parent":"root","color":{}}],"animation":[{"frame":[],"ffd":[{"frame":[{"duration":4,"tweenEasing":0,"offset":0,"vertices":[]},{"duration":4,"tweenEasing":0,"offset":0,"vertices":[2.95,0.2,2.95,0.2,0,0,0,0]},{"duration":4,"tweenEasing":0,"offset":0,"vertices":[-2.9,0.5,-2.9,0.5,0,0,0,0]},{"duration":0,"tweenEasing":null,"offset":0,"vertices":[]}],"offset":0,"scale":1,"skin":"","slot":"图层5","name":"图层5"},{"frame":[{"duration":4,"tweenEasing":0,"offset":0,"vertices":[]},{"duration":4,"tweenEasing":0,"offset":0,"vertices":[3.65,0.45,3.65,0.45,0,0,0,0]},{"duration":4,"tweenEasing":0,"offset":0,"vertices":[-4.05,0.45,-4.05,0.45,0,0,0,0]},{"duration":0,"tweenEasing":null,"offset":0,"vertices":[]}],"offset":0,"scale":1,"skin":"","slot":"图层7","name":"图层7"},{"frame":[{"duration":4,"tweenEasing":0,"offset":0,"vertices":[]},{"duration":4,"tweenEasing":0,"offset":0,"vertices":[2.15,0,2.15,0,0,0,0,0]},{"duration":4,"tweenEasing":0,"offset":0,"vertices":[-2.35,0,-2.35,0,0,0,0,0]},{"duration":0,"tweenEasing":null,"offset":0,"vertices":[]}],"offset":0,"scale":1,"skin":"","slot":"图层6","name":"图层6"}],"playTimes":0,"duration":12,"slot":[],"name":"newAnimation","bone":[{"frame":[{"duration":12,"tweenEasing":null,"transform":{}}],"name":"root"}]}],"name":"armatureName","ik":[],"bone":[{"name":"root","transform":{}}]}]}