{"frameRate":24,"isGlobal":0,"name":"coverbookmark","version":"5.0","armature":[{"aabb":{"width":147,"y":-52,"height":95,"x":-72},"animation":[{"ffd":[{"frame":[{"duration":4,"tweenEasing":0,"offset":0,"vertices":[]},{"duration":4,"tweenEasing":0,"offset":5,"vertices":[2.4,1.4,3.4,1.25,2.9,2.45,-0.65,0,0,3.8,-11.4,3.8,-11.4,0.55,-1.4,0.55,-1.4,-3,1.4,0,0,-0.75,1.55,0,0,0,0]},{"duration":0,"tweenEasing":null,"offset":0,"vertices":[]}],"offset":0,"scale":1,"skin":"","slot":"图层1","name":"图层1"}],"frame":[],"playTimes":0,"duration":8,"slot":[],"name":"newAnimation","bone":[{"frame":[{"duration":8,"tweenEasing":null,"transform":{}}],"name":"root"}]}],"type":"Armature","frameRate":24,"skin":[{"name":"","slot":[{"display":[{"edges":[1,2,2,3,3,4,4,5,5,6,6,7,7,8,8,9,9,10,10,11,11,12,12,13,13,14,0,15,15,1,14,0],"width":147,"type":"mesh","uvs":[1,0.83158,0.94898,0.72105,0.88095,0.86842,0.77891,0.76316,0.67687,0.58421,0.59524,0.21579,0.38095,0,0,0,0,0.16842,0.30952,0.20526,0.4932,0.34211,0.57483,0.67895,0.63605,0.86842,0.77551,1,0.92517,1,0.99898,0.82947],"transform":{"y":-4.5,"x":1.5},"triangles":[2,14,0,2,0,15,1,2,15,2,13,14,3,13,2,12,13,3,4,12,3,5,10,4,10,11,4,11,12,4,6,10,5,6,9,10,7,9,6,7,8,9],"path":"图层1","height":95,"vertices":[73.5,31.5,66,21,56,35,41,25,26,8,14,-27,-17.5,-47.5,-73.5,-47.5,-73.5,-31.5,-28,-28,-1,-15,11,17,20,35,40.5,47.5,62.5,47.5,73.35,31.3],"name":"图层1","userEdges":[]}],"name":"图层1"}]}],"ik":[],"defaultActions":[{"gotoAndPlay":"newAnimation"}],"slot":[{"name":"图层1","parent":"root","color":{}}],"name":"armatureName","bone":[{"name":"root","transform":{}}]}]}